PLAYER,BA00,BA01,BA02,BA03,BA04,BA05,BA06,BA07,BA08,BA09,BA10,BA11,BA12,BA13,BA14,BA15,BA16,BA17,BA18,BA19,MLBAMID,FirstName,LastName,BirthDate,Team,Jersey,BirthCity,BirthState,BirthCountry,ProDebut
Nomar Garciaparra,0.3720000000000001,,0.31,0.301,0.308,0.28300000000000003,0.303,0.28300000000000003,,,,,,,,,,,,,,,,,,,,,,
Todd Helton,0.3720000000000001,0.336,0.32899999999999996,0.358,0.34700000000000003,0.32,0.302,0.32,0.264,0.325,0.256,0.302,0.23800000000000002,0.249,,,,,,,,,,,,,,,,
Moises Alou,0.355,0.331,0.275,0.28,0.293,0.321,0.301,0.341,,,,,,,,,,,,,,,,,,,,,,
Darin Erstad,0.355,0.258,0.28300000000000003,0.252,0.295,0.273,,0.248,0.276,,,,,,,,,,,,,,,,,,,,,
Manny Ramirez,0.35100000000000003,0.306,0.349,0.325,0.308,0.292,0.321,0.29600000000000004,0.332,0.29,0.298,,,,,,,,,,,,,,,,,,,
Iván Rodríguez,0.34700000000000003,0.308,0.314,0.297,0.33399999999999996,0.276,0.3,0.281,0.276,0.249,0.266,,,,,,,,,,,,,,,,,,,
Vladimir Guerrero,0.345,0.307,0.336,0.33,0.337,0.317,0.32899999999999996,0.324,0.303,0.295,0.3,0.29,,,,,,,,,,,,,,,,,,
Carlos Delgado,0.344,0.27899999999999997,0.27699999999999997,0.302,0.26899999999999996,0.301,0.265,0.258,0.271,,,,,,,,,,,,,,,,,,,,,
Derek Jeter,0.33899999999999997,0.311,0.297,0.324,0.292,0.309,0.34299999999999997,0.322,0.3,0.33399999999999996,0.27,0.297,0.316,,0.256,,,,,,,,,,,,,,,
Jeff Kent,0.33399999999999996,0.298,0.313,0.297,0.289,0.289,0.292,0.302,0.28,,,,,,,,,,,,,,,,,,,,,
Jason Giambi,0.33299999999999996,0.342,0.314,0.25,0.20800000000000002,0.271,0.253,0.23600000000000002,0.247,0.201,,,,,,,,,,,,,,,,,,,,
Mike Sweeney,0.33299999999999996,0.304,0.34,0.293,0.287,0.3,0.258,0.26,,0.281,,,,,,,,,,,,,,,,,,,,
Jose Vidro,0.33,0.319,0.315,0.31,0.294,0.275,0.289,0.314,0.23399999999999999,,,,,,,,,,,,,,,,,,,,,
Frank Thomas,0.32799999999999996,,0.252,0.267,0.271,,0.27,0.27699999999999997,0.24,,,,,,,,,,,,,,,,,,,,,
Johnny Damon,0.327,0.256,0.28600000000000003,0.273,0.304,0.316,0.285,0.27,0.303,0.282,0.271,0.261,0.222,,,,,,,,,,,,,,,,,
Jeff Cirillo,0.326,0.313,0.249,0.205,,,0.319,,,,,,,,,,,,,,,,,,,,,,,
Gary Sheffield,0.325,0.311,0.307,0.33,0.29,0.29100000000000004,,0.265,0.225,0.276,,,,,,,,,,,,,,,,,,,,
Edgar Martinez,0.324,0.306,0.27699999999999997,0.294,0.263,,,,,,,,,,,,,,,,,,,,,,,,,
Mike Piazza,0.324,0.3,0.28,0.28600000000000003,0.266,0.251,0.28300000000000003,0.275,,,,,,,,,,,,,,,,,,,,,,
Edgardo Alfonzo,0.324,0.243,0.308,0.259,0.289,0.27699999999999997,,,,,,,,,,,,,,,,,,,,,,,,
Jermaine Dye,0.321,0.282,0.252,0.172,0.265,0.27399999999999997,0.315,0.254,0.292,0.25,,,,,,,,,,,,,,,,,,,,
Sammy Sosa,0.32,0.32799999999999996,0.28800000000000003,0.27899999999999997,0.253,0.221,,0.252,,,,,,,,,,,,,,,,,,,,,,
Jason Kendall,0.32,0.266,0.28300000000000003,0.325,0.319,0.271,0.295,0.242,0.24600000000000002,0.24100000000000002,0.256,,,,,,,,,,,,,,,,,,,
Shannon Stewart,0.319,0.316,0.303,0.307,0.304,0.27399999999999997,,0.29,,,,,,,,,,,,,,,,,,,,,,
Alex Rodriguez,0.316,0.318,0.3,0.298,0.28600000000000003,0.321,0.29,0.314,0.302,0.28600000000000003,0.27,0.276,0.272,,,0.25,0.2,,,,,,,,,,,,,
Bobby Abreu,0.316,0.289,0.308,0.3,0.301,0.28600000000000003,0.297,0.28300000000000003,0.29600000000000004,0.293,0.255,0.253,0.242,,,,,,,,,,,,,,,,,
Placido Polanco,0.316,0.307,0.28800000000000003,0.289,0.298,0.331,0.295,0.341,0.307,0.285,0.298,0.27699999999999997,0.257,0.26,,,,,,,,,,,,,,,,
Brian Giles,0.315,0.309,0.298,0.299,0.284,0.301,0.263,0.271,0.306,0.191,,,,,,,,,,,,,,,,,,,,
Magglio Ordonez,0.315,0.305,0.32,0.317,0.292,0.302,0.298,0.363,0.317,0.31,0.303,0.255,,,,,,,,,,,,,,,,,,
Sean Casey,0.315,0.31,0.261,0.29100000000000004,0.324,0.312,0.272,0.29600000000000004,,,,,,,,,,,,,,,,,,,,,,
Richard Hidalgo,0.314,0.275,0.235,0.309,0.239,0.221,,,,,,,,,,,,,,,,,,,,,,,,
Rondell White,0.311,0.307,0.24,0.289,0.27,0.313,0.24600000000000002,,,,,,,,,,,,,,,,,,,,,,,
Chipper Jones,0.311,0.33,0.327,0.305,0.248,0.29600000000000004,0.324,0.337,0.364,0.264,0.265,0.275,0.287,,,,,,,,,,,,,,,,,
Jeff Bagwell,0.31,0.28800000000000003,0.29100000000000004,0.278,0.266,,,,,,,,,,,,,,,,,,,,,,,,,
Larry Walker,0.309,0.35,0.33799999999999997,0.284,0.298,0.289,,,,,,,,,,,,,,,,,,,,,,,,
Bernie Williams,0.307,0.307,0.33299999999999996,0.263,0.262,0.249,0.281,,,,,,,,,,,,,,,,,,,,,,,
Barry Bonds,0.306,0.32799999999999996,0.37,0.341,0.36200000000000004,,0.27,0.276,,,,,,,,,,,,,,,,,,,,,,
Matt Lawton,0.305,0.27699999999999997,0.23600000000000002,0.249,0.27699999999999997,0.254,,,,,,,,,,,,,,,,,,,,,,,,
Charles Johnson,0.304,0.259,0.217,0.23,0.23600000000000002,,,,,,,,,,,,,,,,,,,,,,,,,
Joe Randa,0.304,0.253,0.282,0.29100000000000004,0.287,0.276,0.267,,,,,,,,,,,,,,,,,,,,,,,
Phil Nevin,0.303,0.306,0.285,0.27899999999999997,0.289,0.237,0.239,,,,,,,,,,,,,,,,,,,,,,,
Andruw Jones,0.303,0.251,0.264,0.27699999999999997,0.261,0.263,0.262,0.222,0.158,0.214,0.23,,0.19699999999999998,,,,,,,,,,,,,,,,,
Dmitri Young,0.303,0.302,0.284,0.297,0.272,0.271,,0.32,,,,,,,,,,,,,,,,,,,,,,
Geoff Jenkins,0.303,0.264,0.243,0.29600000000000004,0.264,0.292,0.271,0.255,0.24600000000000002,,,,,,,,,,,,,,,,,,,,,
Deivi Cruz,0.302,0.256,0.263,0.25,0.292,0.265,,,,,,,,,,,,,,,,,,,,,,,,
Gabe Kapler,0.302,0.267,0.27899999999999997,0.271,0.272,,,,0.301,0.239,,,,,,,,,,,,,,,,,,,,
Carlos Lee,0.301,0.26899999999999996,0.264,0.29100000000000004,0.305,0.265,0.3,0.303,0.314,0.3,0.24600000000000002,0.275,0.264,,,,,,,,,,,,,,,,,
Carl Everett,0.3,0.257,0.267,0.287,0.26,0.251,0.22699999999999998,,,,,,,,,,,,,,,,,,,,,,,
Cliff Floyd,0.3,0.317,0.28800000000000003,0.29,0.26,0.273,0.244,0.284,0.268,,,,,,,,,,,,,,,,,,,,,
Bobby Higginson,0.3,0.27699999999999997,0.282,0.235,0.24600000000000002,,,,,,,,,,,,,,,,,,,,,,,,,
Orlando Palmeiro,0.3,0.243,0.3,0.271,,0.284,,,,,,,,,,,,,,,,,,,,,,,,
Corey Koskie,0.3,0.276,0.267,0.292,0.251,0.249,0.261,,,,,,,,,,,,,,,,,,,,,,,
Scott Rolen,0.298,0.289,0.266,0.28600000000000003,0.314,,0.29600000000000004,0.265,0.262,0.305,0.285,0.242,0.245,,,,,,,,,,,,,,,,,
Mark Kotsay,0.298,0.29100000000000004,0.292,0.266,0.314,0.28,0.275,0.214,0.276,,0.239,0.27,,,,,,,,,,,,,,,,,,
Paul Konerko,0.298,0.282,0.304,0.23399999999999999,0.27699999999999997,0.28300000000000003,0.313,0.259,0.24,0.27699999999999997,0.312,0.3,0.298,0.244,0.207,,,,,,,,,,,,,,,
Eric Young,0.297,0.27899999999999997,0.28,0.251,0.28800000000000003,,,,,,,,,,,,,,,,,,,,,,,,,
Lance Berkman,0.297,0.331,0.292,0.28800000000000003,0.316,0.293,0.315,0.278,0.312,0.27399999999999997,0.248,0.301,,0.242,,,,,,,,,,,,,,,,
Jim Edmonds,0.295,0.304,0.311,0.275,0.301,0.263,0.257,0.252,0.235,,0.276,,,,,,,,,,,,,,,,,,,
Brad Fullmer,0.295,0.27399999999999997,0.289,0.306,0.233,,,,,,,,,,,,,,,,,,,,,,,,,
J.D. Drew,0.295,0.32299999999999995,0.252,0.289,0.305,0.28600000000000003,0.28300000000000003,0.27,0.28,0.27899999999999997,0.255,0.222,,,,,,,,,,,,,,,,,,
Rafael Furcal,0.295,0.275,0.275,0.292,0.27899999999999997,0.284,0.3,0.27,,0.26899999999999996,0.3,0.231,0.264,,,,,,,,,,,,,,,,,
B.J. Surhoff,0.29100000000000004,0.271,,0.295,0.309,0.257,,,,,,,,,,,,,,,,,,,,,,,,
Jay Payton,0.29100000000000004,0.255,0.303,0.302,0.26,0.267,0.29600000000000004,0.256,0.243,,,,,,,,,,,,,,,,,,,,,
Frank Catalanotto,0.29100000000000004,0.33,0.26899999999999996,0.299,0.293,0.301,0.3,0.26,0.27399999999999997,,,,,,,,,,,,,,,,,,,,,
Tim Salmon,0.29,0.22699999999999998,0.28600000000000003,0.275,,,0.265,,,,,,,,,,,,,,,,,,,,,,,
Todd Walker,0.29,0.29600000000000004,0.299,0.28300000000000003,0.27399999999999997,0.305,0.278,,,,,,,,,,,,,,,,,,,,,,,
Adrian Beltre,0.29,0.265,0.257,0.24,0.33399999999999996,0.255,0.268,0.276,0.266,0.265,0.321,0.29600000000000004,0.321,0.315,0.324,0.287,0.3,0.312,0.273,,,,,,,,,,,
Juan Encarnacion,0.289,0.242,0.271,0.27,0.23600000000000002,0.287,0.278,0.28300000000000003,,,,,,,,,,,,,,,,,,,,,,
Rafael Palmeiro,0.28800000000000003,0.273,0.273,0.26,0.258,0.266,,,,,,,,,,,,,,,,,,,,,,,,
Terrence Long,0.28800000000000003,0.28300000000000003,0.24,0.245,0.295,0.27899999999999997,,,,,,,,,,,,,,,,,,,,,,,,
Omar Vizquel,0.287,0.255,0.275,0.244,0.29100000000000004,0.271,0.295,0.24600000000000002,0.222,,0.276,,,,,,,,,,,,,,,,,,,
Javy Lopez,0.287,0.267,0.233,0.32799999999999996,0.316,0.278,0.251,,,,,,,,,,,,,,,,,,,,,,,
Jorge Posada,0.287,0.27699999999999997,0.268,0.281,0.272,0.262,0.27699999999999997,0.33799999999999997,,0.285,0.248,0.235,,,,,,,,,,,,,,,,,,
Neifi Perez,0.287,0.27899999999999997,0.23600000000000002,0.256,0.255,0.27399999999999997,0.243,,,,,,,,,,,,,,,,,,,,,,,
Garret Anderson,0.28600000000000003,0.289,0.306,0.315,0.301,0.28300000000000003,0.28,0.297,0.293,0.268,,,,,,,,,,,,,,,,,,,,
John Olerud,0.285,0.302,0.3,0.26899999999999996,0.259,,,,,,,,,,,,,,,,,,,,,,,,,
Aaron Boone,0.285,0.294,0.24100000000000002,0.267,,0.243,0.251,,0.24100000000000002,,,,,,,,,,,,,,,,,,,,,
Jacque Jones,0.285,0.276,0.3,0.304,0.254,0.249,0.285,0.285,,,,,,,,,,,,,,,,,,,,,,
Jeff Conine,0.284,0.311,0.273,0.282,0.28,0.304,0.268,0.254,,,,,,,,,,,,,,,,,,,,,,
J.T. Snow,0.284,0.24600000000000002,0.24600000000000002,0.273,0.327,0.275,,,,,,,,,,,,,,,,,,,,,,,,
Troy Glaus,0.284,0.25,0.25,0.248,0.251,0.258,0.252,0.262,0.27,,0.24,,,,,,,,,,,,,,,,,,,
Ryan Klesko,0.28300000000000003,0.28600000000000003,0.3,0.252,0.29100000000000004,0.248,,0.26,,,,,,,,,,,,,,,,,,,,,,
Geoff Blum,0.28300000000000003,0.23600000000000002,0.28300000000000003,0.262,0.215,0.22899999999999998,0.254,0.252,0.24,0.247,0.267,,,,,,,,,,,,,,,,,,,
Julio Lugo,0.28300000000000003,0.263,0.261,0.271,0.275,0.295,0.278,0.237,0.268,0.28,0.249,,,,,,,,,,,,,,,,,,,
David Ortiz,0.282,0.23399999999999999,0.272,0.28800000000000003,0.301,0.3,0.287,0.332,0.264,0.23800000000000002,0.27,0.309,0.318,0.309,0.263,0.273,0.315,,,,,,,,,,,,,
Mark Loretta,0.281,0.289,0.304,0.314,0.335,0.28,0.285,0.287,0.28,,,,,,,,,,,,,,,,,,,,,
Derrek Lee,0.281,0.282,0.27,0.271,0.278,0.335,,0.317,0.29100000000000004,0.306,0.26,0.267,,,,,,,,,,,,,,,,,,
Bengie Molina,0.281,0.262,0.245,0.281,0.276,0.295,0.284,0.276,0.292,0.265,0.249,,,,,,,,,,,,,,,,,,,
Steve Finley,0.28,0.275,0.287,0.287,0.271,0.222,0.24600000000000002,,,,,,,,,,,,,,,,,,,,,,,
Ray Durham,0.28,0.267,0.289,0.285,0.282,0.29,0.293,0.218,0.289,,,,,,,,,,,,,,,,,,,,,
Torii Hunter,0.28,0.261,0.289,0.25,0.271,0.26899999999999996,0.278,0.287,0.278,0.299,0.281,0.262,0.313,0.304,0.28600000000000003,0.24,,,,,,,,,,,,,,
Mark Grudzielanek,0.27899999999999997,0.271,0.271,0.314,0.307,0.294,0.297,0.302,0.299,,,,,,,,,,,,,,,,,,,,,
Kenny Lofton,0.278,0.261,0.261,0.29600000000000004,0.275,0.335,0.301,0.29600000000000004,,,,,,,,,,,,,,,,,,,,,,
Mike Lieberthal,0.278,,0.27899999999999997,0.313,0.271,0.263,0.273,,,,,,,,,,,,,,,,,,,,,,,
Edgar Renteria,0.278,0.26,0.305,0.33,0.287,0.276,0.293,0.332,0.27,0.25,0.276,0.251,,,,,,,,,,,,,,,,,,
Mike Lamb,0.278,0.306,0.28300000000000003,,0.28800000000000003,0.23600000000000002,0.307,0.289,0.235,,,,,,,,,,,,,,,,,,,,,
Eric Chavez,0.27699999999999997,0.28800000000000003,0.275,0.282,0.276,0.26899999999999996,0.24100000000000002,0.24,,,,,0.281,0.281,,,,,,,,,,,,,,,,
Trot Nixon,0.276,0.28,0.256,0.306,,0.275,0.268,0.251,,,,,,,,,,,,,,,,,,,,,,
Damian Miller,0.275,0.271,0.249,0.233,0.272,0.273,0.251,,,,,,,,,,,,,,,,,,,,,,,
Miguel Tejada,0.275,0.267,0.308,0.278,0.311,0.304,0.33,0.29600000000000004,0.28300000000000003,0.313,0.26899999999999996,0.239,,,,,,,,,,,,,,,,,,
Melvin Mora,0.275,0.25,0.233,0.317,0.34,0.28300000000000003,0.27399999999999997,0.27399999999999997,0.285,0.26,0.285,,,,,,,,,,,,,,,,,,,
Gregg Zaun,0.27399999999999997,,,,0.26899999999999996,0.251,0.272,0.242,0.237,0.26,,,,,,,,,,,,,,,,,,,,
Tony Clark,0.27399999999999997,0.287,0.207,0.23199999999999998,0.221,0.304,,0.249,,,,,,,,,,,,,,,,,,,,,,
Rey Sanchez,0.273,0.281,0.28600000000000003,0.25,0.24600000000000002,,,,,,,,,,,,,,,,,,,,,,,,,
Jose Valentin,0.273,0.258,0.249,0.237,0.21600000000000005,,0.271,,,,,,,,,,,,,,,,,,,,,,,
Richie Sexson,0.272,0.271,0.27899999999999997,0.272,,0.263,0.264,0.205,0.221,,,,,,,,,,,,,,,,,,,,,
Ken Griffey Jr.,0.271,0.28600000000000003,,,0.253,0.301,0.252,0.27699999999999997,0.249,0.214,,,,,,,,,,,,,,,,,,,,
Tony Womack,0.271,0.266,0.271,0.226,0.307,0.249,,,,,,,,,,,,,,,,,,,,,,,,
Rich Aurilia,0.271,0.324,0.257,0.27699999999999997,0.24600000000000002,0.282,0.3,0.252,0.28300000000000003,,,,,,,,,,,,,,,,,,,,,
Mike Lowell,0.27,0.28300000000000003,0.276,0.276,0.293,0.23600000000000002,0.284,0.324,0.27399999999999997,0.29,0.239,,,,,,,,,,,,,,,,,,,
Jim Thome,0.26899999999999996,0.29100000000000004,0.304,0.266,0.27399999999999997,,0.28800000000000003,0.275,0.245,0.249,0.28300000000000003,0.256,,,,,,,,,,,,,,,,,,
Shawn Green,0.26899999999999996,0.297,0.285,0.28,0.266,0.28600000000000003,0.27699999999999997,0.29100000000000004,,,,,,,,,,,,,,,,,,,,,,
Todd Hollandsworth,0.26899999999999996,,0.284,0.254,,0.244,0.24600000000000002,,,,,,,,,,,,,,,,,,,,,,,
Craig Biggio,0.268,0.292,0.253,0.264,0.281,0.264,0.24600000000000002,0.251,,,,,,,,,,,,,,,,,,,,,,
Todd Zeile,0.268,0.266,0.273,0.22699999999999998,0.233,,,,,,,,,,,,,,,,,,,,,,,,,
Bill Mueller,0.268,0.295,0.262,0.326,0.28300000000000003,0.295,,,,,,,,,,,,,,,,,,,,,,,,
Michael Tucker,0.267,0.252,0.248,0.262,0.256,0.239,,,,,,,,,,,,,,,,,,,,,,,,
Mike Cameron,0.267,0.267,0.239,0.253,0.231,0.273,0.268,0.242,0.243,0.25,,0.203,,,,,,,,,,,,,,,,,,
Brad Ausmus,0.266,0.23199999999999998,0.257,0.22899999999999998,0.248,0.258,0.23,0.235,0.218,,,,,,,,,,,,,,,,,,,,,
Adam Kennedy,0.266,0.27,0.312,0.26899999999999996,0.278,0.3,0.273,0.21899999999999997,0.28,0.289,0.249,0.23399999999999999,,,,,,,,,,,,,,,,,,
Scott Hatteberg,0.265,0.245,0.28,0.253,0.284,0.256,0.289,0.31,,,,,,,,,,,,,,,,,,,,,,
Brian Jordan,0.264,0.295,0.285,0.299,0.222,0.247,,,,,,,,,,,,,,,,,,,,,,,,
Preston Wilson,0.264,0.27399999999999997,0.243,0.282,0.248,0.26,0.263,,,,,,,,,,,,,,,,,,,,,,,
Tony Batista,0.263,0.23800000000000002,0.244,0.235,0.24100000000000002,,,,,,,,,,,,,,,,,,,,,,,,,
Ronnie Belliard,0.263,0.264,0.21100000000000002,0.27699999999999997,0.282,0.284,0.272,0.29,0.287,0.27699999999999997,,,,,,,,,,,,,,,,,,,,
Miguel Cairo,0.261,,,0.245,0.292,0.251,0.239,,0.249,,,0.265,,,,,,,,,,,,,,,,,,
Mike Matheny,0.261,0.218,0.244,0.252,0.247,0.242,,,,,,,,,,,,,,,,,,,,,,,,
Pat Burrell,0.26,0.258,0.282,0.209,0.257,0.281,0.258,0.256,0.25,0.221,0.252,,,,,,,,,,,,,,,,,,,
Damion Easley,0.259,0.25,0.22399999999999998,,0.23800000000000002,0.24,,,0.26899999999999996,,,,,,,,,,,,,,,,,,,,,
Kevin Millar,0.259,0.314,0.306,0.276,0.297,0.272,0.272,0.254,0.23399999999999999,0.223,,,,,,,,,,,,,,,,,,,,
Tino Martinez,0.258,0.28,0.262,0.273,0.262,0.24100000000000002,,,,,,,,,,,,,,,,,,,,,,,,
Daryle Ward,0.258,0.263,0.276,,0.249,0.26,,,,,,,,,,,,,,,,,,,,,,,,
Carlos Guillen,0.257,0.259,0.261,0.276,0.318,0.32,0.32,0.29600000000000004,0.28600000000000003,0.242,0.273,,,,,,,,,,,,,,,,,,,
Aramis Ramirez,0.256,0.3,0.23399999999999999,0.272,0.318,0.302,0.29100000000000004,0.31,0.289,0.317,0.24100000000000002,0.306,0.3,0.28300000000000003,0.285,0.24600000000000002,,,,,,,,,,,,,,
Jose Guillen,0.253,,0.23800000000000002,0.311,0.294,0.28300000000000003,0.21600000000000005,0.29,0.264,0.242,0.258,,,,,,,,,,,,,,,,,,,
Bret Boone,0.251,0.331,0.278,0.294,0.251,0.221,,,,,,,,,,,,,,,,,,,,,,,,
Jason Varitek,0.248,,0.266,0.273,0.29600000000000004,0.281,0.23800000000000002,0.255,0.22,0.209,,0.221,,,,,,,,,,,,,,,,,,
Carlos Beltran,0.247,0.306,0.273,0.307,0.267,0.266,0.275,0.276,0.284,0.325,0.255,0.3,0.26899999999999996,0.29600000000000004,0.233,0.276,0.295,0.231,,,,,,,,,,,,
Cristian Guzman,0.247,0.302,0.273,0.268,0.27399999999999997,0.21899999999999997,,,0.316,0.284,0.266,,,,,,,,,,,,,,,,,,,
David Bell,0.247,0.26,0.261,0.195,0.29100000000000004,0.248,0.27,,,,,,,,,,,,,,,,,,,,,,,
Mark McLemore,0.245,0.28600000000000003,0.27,0.233,0.248,,,,,,,,,,,,,,,,,,,,,,,,,
Marquis Grissom,0.244,0.221,0.27699999999999997,0.3,0.27899999999999997,,,,,,,,,,,,,,,,,,,,,,,,,
Jose Hernandez,0.244,0.249,0.28800000000000003,0.225,0.289,0.231,,,,,,,,,,,,,,,,,,,,,,,,
Royce Clayton,0.242,0.263,0.251,0.228,0.27899999999999997,0.27,0.258,,,,,,,,,,,,,,,,,,,,,,,
Scott Spiezio,0.242,0.271,0.285,0.265,0.215,,0.272,0.26899999999999996,,,,,,,,,,,,,,,,,,,,,,
Jose Cruz Jr.,0.242,0.27399999999999997,0.245,0.25,0.242,0.251,0.233,0.23399999999999999,,,,,,,,,,,,,,,,,,,,,,
Juan Castro,0.24100000000000002,0.223,,0.253,0.244,0.257,0.251,,,,,,,,,,,,,,,,,,,,,,,
Ramon Hernandez,0.24100000000000002,0.254,0.233,0.273,0.276,0.29,0.275,0.258,0.257,0.258,0.297,0.282,,,,,,,,,,,,,,,,,,
Alex Cora,0.23800000000000002,0.217,0.29100000000000004,0.249,0.264,0.23199999999999998,0.23800000000000002,0.24600000000000002,,0.251,,,,,,,,,,,,,,,,,,,,
Orlando Cabrera,0.237,0.276,0.263,0.297,0.264,0.257,0.282,0.301,0.281,0.284,0.263,0.23800000000000002,,,,,,,,,,,,,,,,,,
Ricky Ledee,0.23600000000000002,0.231,0.22699999999999998,0.247,,0.278,,,,,,,,,,,,,,,,,,,,,,,,
Henry Blanco,0.23600000000000002,0.21,0.204,,0.20600000000000002,,0.266,,,0.235,,,,,,,,,,,,,,,,,,,,
Dan Wilson,0.235,0.265,0.295,0.24100000000000002,0.251,,,,,,,,,,,,,,,,,,,,,,,,,
John Mabry,0.235,,0.276,,0.29600000000000004,0.24,0.205,,,,,,,,,,,,,,,,,,,,,,,
Travis Lee,0.235,0.258,0.265,0.275,,0.272,0.22399999999999998,,,,,,,,,,,,,,,,,,,,,,,
Reggie Sanders,0.23199999999999998,0.263,0.25,0.285,0.26,0.271,0.24600000000000002,,,,,,,,,,,,,,,,,,,,,,,
Jeromy Burnitz,0.23199999999999998,0.251,0.215,0.239,0.28300000000000003,0.258,0.23,,,,,,,,,,,,,,,,,,,,,,,
Matt Stairs,0.22699999999999998,0.25,0.244,0.292,0.267,0.275,0.247,0.289,0.252,,,,,,,,,,,,,,,,,,,,,
Vinny Castilla,0.221,0.26,0.23199999999999998,0.27699999999999997,0.271,0.253,0.22899999999999998,,,,,,,,,,,,,,,,,,,,,,,
Desi Relaford,0.215,0.302,0.267,0.254,0.221,0.22399999999999998,,,,,,,,,,,,,,,,,,,,,,,,
Michael Barrett,0.214,0.25,0.263,0.20800000000000002,0.287,0.276,0.307,0.244,,,,,,,,,,,,,,,,,,,,,,
Ichiro Suzuki,,0.35,0.321,0.312,0.3720000000000001,0.303,0.322,0.35100000000000003,0.31,0.35200000000000004,0.315,0.272,0.28300000000000003,0.262,0.284,0.22899999999999998,0.29100000000000004,,,,,,,,,,,,,
Juan Pierre,,0.327,0.287,0.305,0.326,0.276,0.292,0.293,0.28300000000000003,0.308,0.275,0.27899999999999997,0.307,0.247,,,,,,,,,,,,,,,,
Paul Lo Duca,,0.32,0.281,0.273,0.28600000000000003,0.28300000000000003,0.318,0.272,,,,,,,,,,,,,,,,,,,,,,
Doug Mientkiewicz,,0.306,0.261,0.3,0.23800000000000002,0.24,0.28300000000000003,,0.27699999999999997,,,,,,,,,,,,,,,,,,,,,
Juan Uribe,,0.3,0.24,0.253,0.28300000000000003,0.252,0.235,0.23399999999999999,0.247,0.289,0.248,0.204,,0.278,0.311,0.253,0.20600000000000002,,,,,,,,,,,,,
Marlon Anderson,,0.293,0.258,0.27,0.237,0.264,0.297,,,,,,,,,,,,,,,,,,,,,,,
A.J. Pierzynski,,0.289,0.3,0.312,0.272,0.257,0.295,0.263,0.281,0.3,0.27,0.287,0.278,0.272,0.251,0.3,0.21899999999999997,,,,,,,,,,,,,
David Eckstein,,0.285,0.293,0.252,0.276,0.294,0.292,0.309,0.265,0.26,0.267,,,,,,,,,,,,,,,,,,,
Raul Ibanez,,0.28,0.294,0.294,0.304,0.28,0.289,0.29100000000000004,0.293,0.272,0.275,0.245,0.24,0.242,0.16699999999999998,,,,,,,,,,,,,,,
Dave Dellucci,,0.276,0.245,0.22699999999999998,0.242,0.251,0.292,,0.23800000000000002,,,,,,,,,,,,,,,,,,,,,
Craig Counsell,,0.275,0.282,0.23399999999999999,0.24100000000000002,0.256,0.255,0.22,0.226,0.285,0.25,,,,,,,,,,,,,,,,,,,
Jimmy Rollins,,0.27399999999999997,0.245,0.263,0.289,0.29,0.27699999999999997,0.29600000000000004,0.27699999999999997,0.25,0.243,0.268,0.25,0.252,0.243,0.22399999999999998,,,,,,,,,,,,,,
Randy Winn,,0.273,0.298,0.295,0.28600000000000003,0.306,0.262,0.3,0.306,0.262,0.239,,,,,,,,,,,,,,,,,,,
Robert Fick,,0.272,0.27,0.26899999999999996,0.19899999999999998,0.265,,,,,,,,,,,,,,,,,,,,,,,,
Alfonso Soriano,,0.268,0.3,0.29,0.28,0.268,0.27699999999999997,0.299,0.28,0.24100000000000002,0.258,0.244,0.262,0.255,0.221,,,,,,,,,,,,,,,
Luis Rivas,,0.266,0.256,0.259,0.256,,,,0.218,,,,,,,,,,,,,,,,,,,,,
Rob Mackowiak,,0.266,0.244,,0.24600000000000002,0.272,0.29,0.263,,,,,,,,,,,,,,,,,,,,,,
Shea Hillenbrand,,0.263,0.293,0.28,0.31,0.29100000000000004,0.27699999999999997,0.251,,,,,,,,,,,,,,,,,,,,,,
Abraham Nunez,,0.262,0.233,0.248,0.214,0.285,0.21100000000000002,0.23399999999999999,,,,,,,,,,,,,,,,,,,,,,
Marcus Giles,,0.262,0.23,0.316,0.311,0.29100000000000004,0.262,0.22899999999999998,,,,,,,,,,,,,,,,,,,,,,
Adam Dunn,,0.262,0.249,0.215,0.266,0.247,0.23399999999999999,0.264,0.23600000000000002,0.267,0.26,0.159,0.204,0.21899999999999997,0.21899999999999997,,,,,,,,,,,,,,,
Chris Gomez,,0.259,0.265,,0.282,0.27899999999999997,,0.297,,,,,,,,,,,,,,,,,,,,,,
Brian Roberts,,0.253,,0.27,0.273,0.314,0.28600000000000003,0.29,0.29600000000000004,0.28300000000000003,0.278,,,0.249,0.237,,,,,,,,,,,,,,,
Michael Young,,0.249,0.262,0.306,0.313,0.331,0.314,0.315,0.284,0.322,0.284,0.33799999999999997,0.27699999999999997,0.27899999999999997,,,,,,,,,,,,,,,,
Aubrey Huff,,0.248,0.313,0.311,0.297,0.261,0.267,0.28,0.304,0.24100000000000002,0.29,0.24600000000000002,,,,,,,,,,,,,,,,,,
Jason LaRue,,0.23600000000000002,0.249,0.23,0.251,0.26,,,,,,,,,,,,,,,,,,,,,,,,
Jay Gibbons,,0.23600000000000002,0.247,0.27699999999999997,0.24600000000000002,0.27699999999999997,0.27699999999999997,0.23,,,,,,,,,,,,,,,,,,,,,,
Jerry Hairston Jr.,,0.233,0.268,0.271,0.303,0.261,,,0.326,0.251,0.244,0.27,0.273,0.21100000000000002,,,,,,,,,,,,,,,,
Russell Branyan,,0.23199999999999998,0.228,,,0.257,0.228,,,0.251,0.237,,,,,,,,,,,,,,,,,,,
Johnny Estrada,,0.228,,,0.314,0.261,0.302,0.278,,,,,,,,,,,,,,,,,,,,,,
Gary Matthews Jr.,,0.22699999999999998,0.275,0.248,0.275,0.255,0.313,0.252,0.242,0.25,,,,,,,,,,,,,,,,,,,,
Pedro Feliz,,0.22699999999999998,,0.247,0.276,0.25,0.244,0.253,0.249,0.266,0.218,,,,,,,,,,,,,,,,,,,
Milton Bradley,,0.223,0.249,0.321,0.267,0.29,0.276,0.306,0.321,0.257,0.205,,,,,,,,,,,,,,,,,,,
Jack Wilson,,0.223,0.252,0.256,0.308,0.257,0.273,0.29600000000000004,0.272,0.255,,0.243,,,,,,,,,,,,,,,,,,
Wes Helms,,0.222,0.243,0.261,0.263,,0.32899999999999996,0.24600000000000002,0.243,0.271,0.22,,,,,,,,,,,,,,,,,,,
Austin Kearns,,,0.315,0.264,0.23,0.24,0.264,0.266,0.217,,0.263,,,,,,,,,,,,,,,,,,,
Mark DeRosa,,,0.297,0.263,0.239,,0.29600000000000004,0.293,0.285,0.25,,,,0.235,,,,,,,,,,,,,,,,
Bobby Kielty,,,0.29100000000000004,0.244,0.214,0.263,0.27,,,,,,,,,,,,,,,,,,,,,,,
Eric Hinske,,,0.27899999999999997,0.243,0.24600000000000002,0.262,0.271,,0.247,,0.256,0.233,,,,,,,,,,,,,,,,,,
Dave Roberts,,,0.27699999999999997,0.25,0.254,0.275,0.293,0.26,,,,,,,,,,,,,,,,,,,,,,
Vernon Wells,,,0.275,0.317,0.272,0.26899999999999996,0.303,0.245,0.3,0.26,0.273,0.218,0.23,0.233,,,,,,,,,,,,,,,,
Brian Schneider,,,0.275,0.23,0.257,0.268,0.256,0.235,0.257,,,,,,,,,,,,,,,,,,,,,
Ramon Vazquez,,,0.27399999999999997,0.261,,,,0.23,0.29,0.23,,,,,,,,,,,,,,,,,,,,
Mark Ellis,,,0.272,0.248,,0.316,0.249,0.276,0.233,0.263,0.29100000000000004,0.248,0.258,0.27,,,,,,,,,,,,,,,,
Brad Wilkerson,,,0.266,0.268,0.255,0.248,0.222,0.23399999999999999,0.22,,,,,,,,,,,,,,,,,,,,,
Tony Graffanino,,,0.262,0.26,0.263,0.309,0.27399999999999997,0.23800000000000002,,,,,,,,,,,,,,,,,,,,,,
Kevin Mench,,,0.26,,0.27899999999999997,0.264,0.26899999999999996,0.267,,,,,,,,,,,,,,,,,,,,,,
Carl Crawford,,,0.259,0.281,0.29600000000000004,0.301,0.305,0.315,0.273,0.305,0.307,0.255,,0.28300000000000003,0.3,,,,,,,,,,,,,,,
Mark Bellhorn,,,0.258,0.221,0.264,0.21,0.19,,,,,,,,,,,,,,,,,,,,,,,
Toby Hall,,,0.258,0.253,0.255,0.287,0.259,,,,,,,,,,,,,,,,,,,,,,,
Aaron Rowand,,,0.258,,0.31,0.27,0.262,0.309,0.271,0.261,0.23,0.233,,,,,,,,,,,,,,,,,,
Corey Patterson,,,0.253,0.298,0.266,0.215,0.276,0.26899999999999996,0.205,,0.26899999999999996,0.239,,,,,,,,,,,,,,,,,,
John McDonald,,,0.25,0.215,,,0.223,0.251,,,,0.22899999999999998,,,,,,,,,,,,,,,,,,
Nick Johnson,,,0.243,0.284,0.251,0.289,0.29,,,0.29100000000000004,,,,,,,,,,,,,,,,,,,,
Ramon Santiago,,,0.243,0.225,,,,,,0.267,0.263,0.26,0.20600000000000002,0.22399999999999998,,,,,,,,,,,,,,,,
Carlos Pena,,,0.242,0.248,0.24100000000000002,0.235,,0.282,0.247,0.22699999999999998,0.196,0.225,0.19699999999999998,0.207,,,,,,,,,,,,,,,,
Cesar Izturis,,,0.23199999999999998,0.251,0.28800000000000003,0.257,,0.258,0.263,0.256,0.23,,,,,,,,,,,,,,,,,,,
Felipe Lopez,,,0.22699999999999998,,0.242,0.29100000000000004,0.27399999999999997,0.245,0.28300000000000003,0.31,0.233,,,,,,,,,,,,,,,,,,,
Brandon Inge,,,0.20199999999999999,0.203,0.287,0.261,0.253,0.23600000000000002,0.205,0.23,0.247,0.19699999999999998,0.218,,,,,,,,,,,,,,,,,
Scott Podsednik,,,,0.314,0.244,0.29,0.261,0.243,,0.304,0.297,,,,,,,,,,,,,,,,,,,
Jose Reyes,,,,0.307,0.255,0.273,0.3,0.28,0.297,,0.282,0.337,0.287,0.29600000000000004,0.287,0.27399999999999997,0.267,0.24600000000000002,0.18899999999999997,,,,,,,,,,,
Marlon Byrd,,,,0.303,0.228,0.266,,0.307,0.298,0.28300000000000003,0.293,0.276,,0.29100000000000004,0.264,0.247,,,,,,,,,,,,,,
Hank Blalock,,,,0.3,0.276,0.263,0.266,0.293,0.287,0.23399999999999999,,,,,,,,,,,,,,,,,,,,
Chone Figgins,,,,0.29600000000000004,0.29600000000000004,0.29,0.267,0.33,0.276,0.298,0.259,0.188,,,,,,,,,,,,,,,,,,
Reed Johnson,,,,0.294,0.27,0.26899999999999996,0.319,0.23600000000000002,0.303,,0.262,0.309,0.29,,,,,,,,,,,,,,,,,
Morgan Ensberg,,,,0.29100000000000004,0.275,0.28300000000000003,0.235,0.23,,,,,,,,,,,,,,,,,,,,,,
Angel Berroa,,,,0.287,0.262,0.27,0.23399999999999999,,0.23,,,,,,,,,,,,,,,,,,,,,
Hideki Matsui,,,,0.287,0.298,0.305,,0.285,0.294,0.27399999999999997,0.27399999999999997,0.251,,,,,,,,,,,,,,,,,,
Lyle Overbay,,,,0.276,0.301,0.276,0.312,0.24,0.27,0.265,0.243,0.23399999999999999,,0.24,0.233,,,,,,,,,,,,,,,
Orlando Hudson,,,,0.268,0.27,0.271,0.287,0.294,0.305,0.28300000000000003,0.268,0.24600000000000002,0.204,,,,,,,,,,,,,,,,,
Xavier Nady,,,,0.267,,0.261,0.28,0.278,0.305,,0.256,0.248,,,,,,,,,,,,,,,,,,
Coco Crisp,,,,0.266,0.297,0.3,0.264,0.268,0.28300000000000003,,0.27899999999999997,0.264,0.259,0.261,0.24600000000000002,,0.231,,,,,,,,,,,,,
Eric Byrnes,,,,0.263,0.28300000000000003,0.226,0.267,0.28600000000000003,0.209,0.226,,,,,,,,,,,,,,,,,,,,
Joe Crede,,,,0.261,0.239,0.252,0.28300000000000003,,0.248,0.225,,,,,,,,,,,,,,,,,,,,
Jamey Carroll,,,,0.26,0.289,0.251,0.3,0.225,0.27699999999999997,0.276,0.29100000000000004,0.29,0.268,0.21100000000000002,,,,,,,,,,,,,,,,
Mark Teixeira,,,,0.259,0.281,0.301,0.282,0.306,0.308,0.292,0.256,0.248,0.251,,0.21600000000000005,0.255,0.204,,,,,,,,,,,,,
Casey Blake,,,,0.257,0.271,0.24100000000000002,0.282,0.27,0.27399999999999997,0.28,0.248,0.252,,,,,,,,,,,,,,,,,,
Adam Everett,,,,0.256,0.273,0.248,0.239,0.23199999999999998,,0.23800000000000002,,,,,,,,,,,,,,,,,,,,
Ty Wigginton,,,,0.255,0.261,,0.275,0.278,0.285,0.273,0.248,0.242,0.235,,,,,,,,,,,,,,,,,
Travis Hafner,,,,0.254,0.311,0.305,0.308,0.266,,0.272,0.278,0.28,0.228,0.20199999999999999,,,,,,,,,,,,,,,,
Endy Chavez,,,,0.251,0.27699999999999997,,0.306,,0.267,,,0.301,,0.267,0.276,,,,,,,,,,,,,,,
Ben Broussard,,,,0.249,0.275,0.255,0.289,0.275,,,,,,,,,,,,,,,,,,,,,,
Craig Monroe,,,,0.24,0.293,0.27699999999999997,0.255,0.21899999999999997,,,,,,,,,,,,,,,,,,,,,,
Miguel Olivo,,,,0.237,0.233,0.217,0.263,0.237,0.255,0.249,0.26899999999999996,0.22399999999999998,0.222,,,,,,,,,,,,,,,,,
Jhonny Peralta,,,,0.22699999999999998,,0.292,0.257,0.27,0.276,0.254,0.249,0.299,0.239,0.303,0.263,0.275,0.26,,,,,,,,,,,,,
Omar Infante,,,,0.222,0.264,0.222,0.27699999999999997,,0.293,0.305,0.321,0.276,0.27399999999999997,0.318,0.252,0.22,,,,,,,,,,,,,,
Rod Barajas,,,,0.218,0.249,0.254,0.256,,0.249,0.226,0.24,0.23,0.20600000000000002,,,,,,,,,,,,,,,,,
Brandon Phillips,,,,0.20800000000000002,,,0.276,0.28800000000000003,0.261,0.276,0.275,0.3,0.281,0.261,0.266,0.294,0.29100000000000004,0.285,,,,,,,,,,,,
Juan Rivera,,,,,0.307,0.271,0.31,,0.24600000000000002,0.287,0.252,0.258,0.244,,,,,,,,,,,,,,,,,
Aaron Miles,,,,,0.293,0.281,0.263,0.29,0.317,,,0.275,,,,,,,,,,,,,,,,,,
David Wright,,,,,0.293,0.306,0.311,0.325,0.302,0.307,0.28300000000000003,0.254,0.306,0.307,0.26899999999999996,,,,,,,,,,,,,,,
Matt Holliday,,,,,0.29,0.307,0.326,0.34,0.321,0.313,0.312,0.29600000000000004,0.295,0.3,0.272,0.27899999999999997,0.24600000000000002,0.231,,,,,,,,,,,,
David DeJesus,,,,,0.287,0.293,0.295,0.26,0.307,0.281,0.318,0.24,0.263,0.251,0.248,0.233,,,,,,,,,,,,,,
Alex Rios,,,,,0.28600000000000003,0.262,0.302,0.297,0.29100000000000004,0.247,0.284,0.22699999999999998,0.304,0.278,0.28,0.255,,,,,,,,,,,,,,
Chad Tracy,,,,,0.285,0.308,0.281,0.264,0.267,0.237,,,,,,,,,,,,,,,,,,,,
Victor Martinez,,,,,0.28300000000000003,0.305,0.316,0.301,0.278,0.303,0.302,0.33,,0.301,0.335,0.245,0.289,0.255,0.251,,,,,,,,,,,
Jason Bay,,,,,0.282,0.306,0.28600000000000003,0.247,0.28600000000000003,0.267,0.259,0.245,,0.204,,,,,,,,,,,,,,,,
Adam LaRoche,,,,,0.278,0.259,0.285,0.272,0.27,0.27699999999999997,0.261,,0.271,0.237,0.259,0.207,,,,,,,,,,,,,,
Jason Michaels,,,,,0.27399999999999997,0.304,0.267,0.27,0.22399999999999998,,,,,,,,,,,,,,,,,,,,,
Marco Scutaro,,,,,0.273,0.247,0.266,0.26,0.267,0.282,0.275,0.299,0.306,0.297,,,,,,,,,,,,,,,,
Khalil Greene,,,,,0.273,0.25,0.245,0.254,0.213,,,,,,,,,,,,,,,,,,,,,
Kazuo Matsui,,,,,0.272,0.255,0.267,0.28800000000000003,0.293,0.25,,,,,,,,,,,,,,,,,,,,
Justin Morneau,,,,,0.271,0.239,0.321,0.271,0.3,0.27399999999999997,0.345,0.22699999999999998,0.267,0.259,0.319,,0.261,,,,,,,,,,,,,
Chase Utley,,,,,0.266,0.29100000000000004,0.309,0.332,0.292,0.282,0.275,0.259,0.256,0.284,0.27,0.212,0.252,0.23600000000000002,,,,,,,,,,,,
Michael Cuddyer,,,,,0.263,0.263,0.284,0.276,0.249,0.276,0.271,0.284,0.26,0.331,,0.259,,,,,,,,,,,,,,
Jayson Werth,,,,,0.262,0.23399999999999999,,0.298,0.273,0.268,0.29600000000000004,0.23199999999999998,0.3,0.318,0.292,0.221,0.244,0.226,,,,,,,,,,,,
Willie Harris,,,,,0.262,,,0.27,0.251,0.235,0.183,0.24600000000000002,,,,,,,,,,,,,,,,,,
José Molina,,,,,0.261,,0.24,,0.21600000000000005,,,,0.223,0.233,0.17800000000000002,,,,,,,,,,,,,,,
Kevin Youkilis,,,,,0.26,,0.27899999999999997,0.28800000000000003,0.312,0.305,0.307,0.258,0.235,,,,,,,,,,,,,,,,,
Jose Castillo,,,,,0.256,0.268,0.253,0.244,0.24600000000000002,,,,,,,,,,,,,,,,,,,,,
Scott Hairston,,,,,0.248,,,0.243,0.248,0.265,0.21,,0.263,,,,,,,,,,,,,,,,,
Bobby Crosby,,,,,0.239,0.276,0.22899999999999998,0.226,0.237,0.223,,,,,,,,,,,,,,,,,,,,
Bill Hall,,,,,0.23800000000000002,0.29100000000000004,0.27,0.254,0.225,0.201,0.247,,,,,,,,,,,,,,,,,,,
John Buck,,,,,0.235,0.242,0.245,0.222,0.22399999999999998,,0.281,0.22699999999999998,0.192,0.222,,,,,,,,,,,,,,,,
Jose Lopez,,,,,0.23199999999999998,,0.282,0.252,0.297,0.272,0.239,0.21600000000000005,0.24600000000000002,,,,,,,,,,,,,,,,,
Wilson Betemit,,,,,,0.305,0.263,0.22899999999999998,,,0.297,0.285,0.261,,,,,,,,,,,,,,,,,
Jeff Francoeur,,,,,,0.3,0.26,0.293,0.239,0.28,0.249,0.285,0.235,0.204,,0.258,0.254,,,,,,,,,,,,,
Robinson Cano,,,,,,0.297,0.342,0.306,0.271,0.32,0.319,0.302,0.313,0.314,0.314,0.287,0.298,0.28,0.303,0.256,,,,,,,,,,
Joe Mauer,,,,,,0.294,0.34700000000000003,0.293,0.32799999999999996,0.365,0.327,0.287,0.319,0.324,0.27699999999999997,0.265,0.261,0.305,0.282,,,,,,,,,,,
Freddy Sanchez,,,,,,0.29100000000000004,0.344,0.304,0.271,0.293,0.292,0.289,,,,,,,,,,,,,,,,,,
Willy Taveras,,,,,,0.29100000000000004,0.278,0.32,0.251,0.24,,,,,,,,,,,,,,,,,,,,
Clint Barmes,,,,,,0.289,0.22,,0.29,0.245,0.235,0.244,0.22899999999999998,0.21100000000000002,,0.23199999999999998,,,,,,,,,,,,,,
Grady Sizemore,,,,,,0.289,0.29,0.27699999999999997,0.268,0.248,,0.22399999999999998,,,0.233,0.253,,,,,,,,,,,,,,
Ryan Howard,,,,,,0.28800000000000003,0.313,0.268,0.251,0.27899999999999997,0.276,0.253,0.21899999999999997,0.266,0.223,0.22899999999999998,0.196,,,,,,,,,,,,,
Garrett Atkins,,,,,,0.287,0.32899999999999996,0.301,0.28600000000000003,0.226,,,,,,,,,,,,,,,,,,,,
Ryan Church,,,,,,0.287,,0.272,0.276,0.273,0.201,,,,,,,,,,,,,,,,,,,
Jorge Cantú,,,,,,0.28600000000000003,0.249,,0.27699999999999997,0.289,0.256,,,,,,,,,,,,,,,,,,,
Jonny Gomes,,,,,,0.282,0.21600000000000005,0.244,,0.267,0.266,0.209,0.262,0.247,0.23399999999999999,0.213,,,,,,,,,,,,,,
Michael Morse,,,,,,0.278,,,,,0.289,0.303,0.29100000000000004,0.215,0.27899999999999997,0.231,,,,,,,,,,,,,,
Aaron Hill,,,,,,0.27399999999999997,0.29100000000000004,0.29100000000000004,0.263,0.28600000000000003,0.205,0.24600000000000002,0.302,0.29100000000000004,0.244,0.23,0.262,,,,,,,,,,,,,
Brad Hawpe,,,,,,0.262,0.293,0.29100000000000004,0.28300000000000003,0.285,0.245,,,,,,,,,,,,,,,,,,,
Willie Bloomquist,,,,,,0.257,0.247,,,0.265,,0.266,0.302,,,,,,,,,,,,,,,,,
Yuniesky Betancourt,,,,,,0.256,0.289,0.289,0.27899999999999997,0.245,0.259,0.252,0.228,0.212,,,,,,,,,,,,,,,,
Ryan Doumit,,,,,,0.255,,0.27399999999999997,0.318,0.25,0.251,0.303,0.275,0.247,,,,,,,,,,,,,,,,
J.J. Hardy,,,,,,0.247,,0.27699999999999997,0.28300000000000003,0.22899999999999998,0.268,0.26899999999999996,0.23800000000000002,0.263,0.268,0.21899999999999997,0.26899999999999996,0.217,,,,,,,,,,,,
Mark Teahen,,,,,,0.24600000000000002,0.29,0.285,0.255,0.271,0.258,,,,,,,,,,,,,,,,,,,
Jason Bartlett,,,,,,0.24100000000000002,0.309,0.265,0.28600000000000003,0.32,0.254,0.245,,,,,,,,,,,,,,,,,,
Kelly Johnson,,,,,,0.24100000000000002,,0.276,0.287,0.22399999999999998,0.284,0.222,0.225,0.235,0.215,0.265,0.247,,,,,,,,,,,,,
Nick Punto,,,,,,0.239,0.29,0.21,0.284,0.228,0.23800000000000002,,,0.255,,,,,,,,,,,,,,,,
Rickie Weeks,,,,,,0.239,0.27899999999999997,0.235,0.23399999999999999,,0.26899999999999996,0.26899999999999996,0.23,0.209,0.27399999999999997,,,,,,,,,,,,,,,
Nick Swisher,,,,,,0.23600000000000002,0.254,0.262,0.21899999999999997,0.249,0.28800000000000003,0.26,0.272,0.24600000000000002,0.20800000000000002,0.196,,,,,,,,,,,,,,
Yorvit Torrealba,,,,,,0.23399999999999999,0.247,0.255,0.24600000000000002,0.29100000000000004,0.271,0.273,,,,,,,,,,,,,,,,,,
Edwin Encarnacion,,,,,,0.23199999999999998,0.276,0.289,0.251,0.225,0.244,0.272,0.28,0.272,0.268,0.27699999999999997,0.263,0.258,0.24600000000000002,0.244,,,,,,,,,,
Chris Snyder,,,,,,0.20199999999999999,,0.252,0.237,,0.207,,0.17600000000000002,,,,,,,,,,,,,,,,,
Luke Scott,,,,,,,0.336,0.255,0.257,0.258,0.284,0.22,0.22899999999999998,0.24100000000000002,,,,,,,,,,,,,,,,
Brian McCann,,,,,,,0.33299999999999996,0.27,0.301,0.281,0.26899999999999996,0.27,0.23,0.256,0.23199999999999998,0.23199999999999998,0.242,0.24100000000000002,,0.249,,,,,,,,,,
Matt Diaz,,,,,,,0.327,0.33799999999999997,,0.313,0.25,0.263,,,,,,,,,,,,,,,,,,
Stephen Drew,,,,,,,0.316,0.23800000000000002,0.29100000000000004,0.261,0.278,0.252,0.223,0.253,0.162,0.201,,,,,,,,,,,,,,
Ronny Paulino,,,,,,,0.31,0.263,,0.272,0.259,0.268,,,,,,,,,,,,,,,,,,
Andre Ethier,,,,,,,0.308,0.284,0.305,0.272,0.292,0.292,0.284,0.272,0.249,0.294,,,,,,,,,,,,,,
Adrian Gonzalez,,,,,,,0.304,0.282,0.27899999999999997,0.27699999999999997,0.298,0.33799999999999997,0.299,0.293,0.276,0.275,0.285,0.242,,,,,,,,,,,,
Gerald Laird,,,,,,,0.29600000000000004,0.22399999999999998,0.276,0.225,0.207,,,,,,,,,,,,,,,,,,,
Maicer Izturis,,,,,,,0.293,0.289,0.26899999999999996,0.3,0.25,0.276,0.256,0.23600000000000002,,,,,,,,,,,,,,,,
Hanley Ramirez,,,,,,,0.292,0.332,0.301,0.342,0.3,0.243,0.257,0.345,0.28300000000000003,0.249,0.28600000000000003,0.242,,,,,,,,,,,,
Conor Jackson,,,,,,,0.29100000000000004,0.284,0.3,,0.23600000000000002,0.244,,,,,,,,,,,,,,,,,,
Shane Victorino,,,,,,,0.287,0.281,0.293,0.292,0.259,0.27899999999999997,0.255,0.294,,,,,,,,,,,,,,,,
Ian Kinsler,,,,,,,0.28600000000000003,0.263,0.319,0.253,0.28600000000000003,0.255,0.256,0.27699999999999997,0.275,0.29600000000000004,0.28800000000000003,0.23600000000000002,0.24,0.217,,,,,,,,,,
Corey Hart,,,,,,,0.28300000000000003,0.295,0.268,0.26,0.28300000000000003,0.285,0.27,,0.203,,,,,,,,,,,,,,,
Russell Martin,,,,,,,0.282,0.293,0.28,0.25,0.248,0.237,0.21100000000000002,0.226,0.29,0.24,0.231,0.221,0.19399999999999998,0.22,,,,,,,,,,
Dan Uggla,,,,,,,0.282,0.245,0.26,0.243,0.287,0.233,0.22,0.179,,,,,,,,,,,,,,,,
Melky Cabrera,,,,,,,0.28,0.273,0.249,0.27399999999999997,0.255,0.305,0.34600000000000003,0.27899999999999997,0.301,0.273,0.29600000000000004,0.285,0.28,0.28,,,,,,,,,,
Josh Willingham,,,,,,,0.27699999999999997,0.265,0.254,0.26,0.268,0.24600000000000002,0.26,0.20800000000000002,0.215,,,,,,,,,,,,,,,
Prince Fielder,,,,,,,0.271,0.28800000000000003,0.276,0.299,0.261,0.299,0.313,0.27899999999999997,,0.305,0.212,,,,,,,,,,,,,
Curtis Granderson,,,,,,,0.26,0.302,0.28,0.249,0.247,0.262,0.23199999999999998,0.22899999999999998,0.22699999999999998,0.259,0.237,0.212,0.242,0.183,,,,,,,,,,
Marcus Thames,,,,,,,0.256,0.242,0.24100000000000002,0.252,0.28800000000000003,,,,,,,,,,,,,,,,,,,
Dioner Navarro,,,,,,,0.254,0.22699999999999998,0.295,0.218,,,,0.3,0.27399999999999997,,0.207,,,,,,,,,,,,,
Jeremy Hermida,,,,,,,0.251,0.29600000000000004,0.249,0.259,0.21600000000000005,,,,,,,,,,,,,,,,,,,
Ronny Cedeno,,,,,,,0.245,,0.26899999999999996,0.20800000000000002,0.256,0.249,,0.242,,,,,,,,,,,,,,,,
Jason Kubel,,,,,,,0.24100000000000002,0.273,0.272,0.3,0.249,0.273,0.253,0.21600000000000005,,,,,,,,,,,,,,,,
Jose Bautista,,,,,,,0.235,0.254,0.23800000000000002,0.235,0.26,0.302,0.24100000000000002,0.259,0.28600000000000003,0.25,0.23399999999999999,0.203,0.203,,,,,,,,,,,
Nate McLouth,,,,,,,0.233,0.258,0.276,0.256,0.19,0.228,0.24100000000000002,0.258,,,,,,,,,,,,,,,,
Mike Napoli,,,,,,,0.228,0.247,0.273,0.272,0.23800000000000002,0.32,0.22699999999999998,0.259,0.248,0.22399999999999998,0.239,0.193,,,,,,,,,,,,
Cody Ross,,,,,,,0.22699999999999998,,0.26,0.27,0.26899999999999996,0.24,0.267,0.278,0.252,,,,,,,,,,,,,,,
Jeff Keppinger,,,,,,,,0.332,0.266,0.256,0.28800000000000003,0.27699999999999997,0.325,0.253,,,,,,,,,,,,,,,,
James Loney,,,,,,,,0.331,0.289,0.281,0.267,0.28800000000000003,0.249,0.299,0.29,0.28,0.265,,,,,,,,,,,,,
Yunel Escobar,,,,,,,,0.326,0.28800000000000003,0.299,0.256,0.29,0.253,0.256,0.258,0.314,0.304,0.27399999999999997,,,,,,,,,,,,
Hunter Pence,,,,,,,,0.322,0.26899999999999996,0.282,0.282,0.314,0.253,0.28300000000000003,0.27699999999999997,0.275,0.289,0.26,0.226,0.297,,,,,,,,,,
B.J. Upton,,,,,,,,0.3,0.273,0.24100000000000002,0.237,0.243,0.24600000000000002,0.184,0.20800000000000002,0.259,0.23800000000000002,,,,,,,,,,,,,
Casey Kotchman,,,,,,,,0.29600000000000004,0.272,0.268,0.217,0.306,0.22899999999999998,,,,,,,,,,,,,,,,,
Josh Hamilton,,,,,,,,0.292,0.304,0.268,0.359,0.298,0.285,0.25,0.263,,,,,,,,,,,,,,,
Billy Butler,,,,,,,,0.292,0.275,0.301,0.318,0.29100000000000004,0.313,0.289,0.271,0.251,0.284,,,,,,,,,,,,,
Troy Tulowitzki,,,,,,,,0.29100000000000004,0.263,0.297,0.315,0.302,,0.312,0.34,0.28,0.254,0.249,,,,,,,,,,,,
Delmon Young,,,,,,,,0.28800000000000003,0.29,0.284,0.298,0.268,0.267,0.26,0.302,,,,,,,,,,,,,,,
Mark Reynolds,,,,,,,,0.27899999999999997,0.239,0.26,0.198,0.221,0.221,0.22,0.196,0.23,0.282,0.267,0.248,,,,,,,,,,,
Mike Fontenot,,,,,,,,0.278,0.305,0.23600000000000002,0.28300000000000003,0.22699999999999998,,,,,,,,,,,,,,,,,,
Kevin Kouzmanoff,,,,,,,,0.275,0.26,0.255,0.247,0.235,,,,,,,,,,,,,,,,,,
Greg Dobbs,,,,,,,,0.272,0.301,,,0.275,0.285,0.228,,,,,,,,,,,,,,,,
Ryan Ludwick,,,,,,,,0.267,0.299,0.265,0.251,0.237,0.275,,0.244,,,,,,,,,,,,,,,
Franklin Gutierrez,,,,,,,,0.266,0.248,0.28300000000000003,0.245,0.22399999999999998,,,,,0.24600000000000002,,,,,,,,,,,,,
Ryan Theriot,,,,,,,,0.266,0.307,0.284,0.27,0.271,0.27,,,,,,,,,,,,,,,,,
Jarrod Saltalamacchia,,,,,,,,0.266,,0.233,,0.235,0.222,0.273,0.22,,0.171,,,,,,,,,,,,,
Carlos Ruiz,,,,,,,,0.259,0.21899999999999997,0.255,0.302,0.28300000000000003,0.325,0.268,0.252,0.21100000000000002,0.264,,,,,,,,,,,,,
Jack Cust,,,,,,,,0.256,0.231,0.24,0.272,0.213,,,,,,,,,,,,,,,,,,
Adam Lind,,,,,,,,0.23800000000000002,0.282,0.305,0.237,0.251,0.255,0.28800000000000003,0.321,0.27699999999999997,0.239,0.303,,,,,,,,,,,,
Chris Young,,,,,,,,0.237,0.248,0.212,0.257,0.23600000000000002,0.231,0.2,0.222,0.252,0.276,0.235,,,,,,,,,,,,
Miguel Montero,,,,,,,,0.22399999999999998,,0.294,0.266,0.282,0.28600000000000003,0.23,0.243,0.248,0.21600000000000005,,,,,,,,,,,,,
Carlos Quentin,,,,,,,,0.214,0.28800000000000003,0.23600000000000002,0.243,0.254,0.261,0.275,,,,,,,,,,,,,,,,
Mike Aviles,,,,,,,,,0.325,,0.304,0.255,0.25,0.252,0.247,0.231,,,,,,,,,,,,,,
Martin Prado,,,,,,,,,0.32,0.307,0.307,0.26,0.301,0.282,0.282,0.28800000000000003,0.305,,,0.233,,,,,,,,,,
Alberto Callaspo,,,,,,,,,0.305,0.3,0.265,0.28800000000000003,0.252,0.258,0.223,0.235,,,,,,,,,,,,,,
Skip Schumaker,,,,,,,,,0.302,0.303,0.265,0.28300000000000003,0.276,0.263,0.235,0.242,,,,,,,,,,,,,,
Denard Span,,,,,,,,,0.294,0.311,0.264,0.264,0.28300000000000003,0.27899999999999997,0.302,0.301,0.266,0.272,0.261,,,,,,,,,,,
Alexei Ramirez,,,,,,,,,0.29,0.27699999999999997,0.282,0.26899999999999996,0.265,0.284,0.273,0.249,0.24100000000000002,,,,,,,,,,,,,
Ryan Sweeney,,,,,,,,,0.28600000000000003,0.293,0.294,0.265,0.26,,0.251,,,,,,,,,,,,,,,
Geovany Soto,,,,,,,,,0.285,0.218,0.28,0.228,0.198,,,,,,,,,,,,,,,,,
Jacoby Ellsbury,,,,,,,,,0.28,0.301,,0.321,0.271,0.298,0.271,0.257,0.263,0.264,,,,,,,,,,,,
Erick Aybar,,,,,,,,,0.27699999999999997,0.312,0.253,0.27899999999999997,0.29,0.271,0.278,0.27,0.243,0.23399999999999999,,,,,,,,,,,,
David Murphy,,,,,,,,,0.275,0.26899999999999996,0.29100000000000004,0.275,0.304,0.22,0.262,0.28300000000000003,,,,,,,,,,,,,,
Adam Jones,,,,,,,,,0.27,0.27699999999999997,0.284,0.28,0.287,0.285,0.281,0.26899999999999996,0.265,0.285,0.281,0.26,,,,,,,,,,
Chase Headley,,,,,,,,,0.26899999999999996,0.262,0.264,0.289,0.28600000000000003,0.25,0.243,0.259,0.251,0.273,,,,,,,,,,,,
Jeff Baker,,,,,,,,,0.268,0.28800000000000003,0.272,0.26899999999999996,,,0.264,,,,,,,,,,,,,,,
Chris Iannetta,,,,,,,,,0.264,0.228,,0.23800000000000002,0.24,0.225,0.252,0.188,0.21,0.254,0.22399999999999998,,,,,,,,,,,
Asdrubal Cabrera,,,,,,,,,0.259,0.308,0.276,0.273,0.27,0.242,0.24100000000000002,0.265,0.28,0.28,0.262,0.26,,,,,,,,,,
Carlos Gomez,,,,,,,,,0.258,0.22899999999999998,0.247,0.225,0.26,0.284,0.284,0.255,0.231,0.255,0.20800000000000002,,,,,,,,,,,
Gregor Blanco,,,,,,,,,0.251,,0.28300000000000003,,0.244,0.265,0.26,0.29100000000000004,0.22399999999999998,0.24600000000000002,,,,,,,,,,,,
Brandon Moss,,,,,,,,,0.24600000000000002,0.23600000000000002,,,0.29100000000000004,0.256,0.23399999999999999,0.226,0.225,0.207,,,,,,,,,,,,
Rajai Davis,,,,,,,,,0.243,0.305,0.284,0.23800000000000002,0.257,0.26,0.282,0.258,0.249,0.235,,,,,,,,,,,,
Carlos Gonzalez,,,,,,,,,0.242,0.284,0.336,0.295,0.303,0.302,0.23800000000000002,0.271,0.298,0.262,0.276,,,,,,,,,,,
Michael Bourn,,,,,,,,,0.22899999999999998,0.285,0.265,0.294,0.27399999999999997,0.263,0.257,0.23800000000000002,0.264,,,,,,,,,,,,,
Chris Coghlan,,,,,,,,,,0.321,0.268,0.23,,,0.28300000000000003,0.25,0.188,,,,,,,,,,,,,
Kendrys Morales,,,,,,,,,,0.306,,,0.273,0.27699999999999997,0.218,0.29,0.263,0.25,0.249,,,,,,,,,,,
Angel Pagan,,,,,,,,,,0.306,0.29,0.262,0.28800000000000003,0.282,0.3,0.262,0.27699999999999997,,,,,,,,,,,,,
Casey McGehee,,,,,,,,,,0.301,0.285,0.223,0.217,,0.287,0.198,,,,,,,,,,,,,,
Ben Zobrist,,,,,,,,,,0.297,0.23800000000000002,0.26899999999999996,0.27,0.275,0.272,0.276,0.272,0.23199999999999998,0.305,,,,,,,,,,,
Garrett Jones,,,,,,,,,,0.293,0.247,0.243,0.27399999999999997,0.233,0.24600000000000002,,,,,,,,,,,,,,,
Seth Smith,,,,,,,,,,0.293,0.24600000000000002,0.284,0.24,0.253,0.266,0.248,0.249,0.258,,,,,,,,,,,,
Brendan Ryan,,,,,,,,,,0.292,0.223,0.248,0.19399999999999998,0.19699999999999998,,,,,,,,,,,,,,,,
Ryan Raburn,,,,,,,,,,0.29100000000000004,0.28,0.256,0.171,0.272,,,0.22,,,,,,,,,,,,,
Gerardo Parra,,,,,,,,,,0.29,0.261,0.292,0.273,0.268,0.261,0.29100000000000004,0.253,0.309,0.284,0.23399999999999999,,,,,,,,,,
Cliff Pennington,,,,,,,,,,0.27899999999999997,0.25,0.264,0.215,0.242,,0.21,,,,,,,,,,,,,,
Gordon Beckham,,,,,,,,,,0.27,0.252,0.23,0.23399999999999999,0.267,0.226,0.209,0.212,,,0.215,,,,,,,,,,
Nate Schierholtz,,,,,,,,,,0.267,0.242,0.278,0.257,0.251,0.195,,,,,,,,,,,,,,,
Ryan Hanigan,,,,,,,,,,0.263,0.3,0.267,0.27399999999999997,0.198,0.218,,,,,,,,,,,,,,,
Will Venable,,,,,,,,,,0.256,0.245,0.24600000000000002,0.264,0.268,0.22399999999999998,0.244,,,,,,,,,,,,,,
Everth Cabrera,,,,,,,,,,0.255,0.20800000000000002,,0.24600000000000002,0.28300000000000003,0.23199999999999998,,,,,,,,,,,,,,,
Emilio Bonifacio,,,,,,,,,,0.252,,0.29600000000000004,0.258,0.243,0.259,,,,,,,,,,,,,,,
Colby Rasmus,,,,,,,,,,0.251,0.276,0.225,0.223,0.276,0.225,0.23800000000000002,0.20600000000000002,,,,,,,,,,,,,
Luis Valbuena,,,,,,,,,,0.25,0.193,,0.21899999999999997,0.218,0.249,0.22399999999999998,0.26,0.19899999999999998,0.19899999999999998,,,,,,,,,,,
Travis Snider,,,,,,,,,,0.24100000000000002,0.255,,,0.215,0.264,0.23199999999999998,,,,,,,,,,,,,,
Nick Hundley,,,,,,,,,,0.23800000000000002,0.249,0.28800000000000003,0.157,0.233,0.243,0.301,0.26,0.244,0.24100000000000002,,,,,,,,,,,
Danny Valencia,,,,,,,,,,,0.311,0.24600000000000002,,,0.258,0.29,0.287,0.256,0.263,,,,,,,,,,,
Chris Johnson,,,,,,,,,,,0.308,0.251,0.281,0.321,0.263,0.255,0.222,,,,,,,,,,,,,
Neil Walker,,,,,,,,,,,0.29600000000000004,0.273,0.28,0.251,0.271,0.26899999999999996,0.282,0.265,0.21899999999999997,0.261,,,,,,,,,,
David Freese,,,,,,,,,,,0.29600000000000004,0.297,0.293,0.262,0.26,0.257,0.27,0.263,0.29600000000000004,,,,,,,,,,,
Austin Jackson,,,,,,,,,,,0.293,0.249,0.3,0.272,0.256,0.267,,0.318,0.245,,,,,,,,,,,
Logan Morrison,,,,,,,,,,,0.28300000000000003,0.247,0.23,0.242,0.262,0.225,0.23800000000000002,0.24600000000000002,0.18600000000000005,,,,,,,,,,,
Gaby Sanchez,,,,,,,,,,,0.273,0.266,0.217,0.254,0.22899999999999998,,,,,,,,,,,,,,,
Chris Denorfia,,,,,,,,,,,0.271,0.27699999999999997,0.293,0.27899999999999997,0.23,0.26899999999999996,,,,,,,,,,,,,,
Ike Davis,,,,,,,,,,,0.264,,0.22699999999999998,0.205,0.233,0.22899999999999998,,,,,,,,,,,,,,
John Jaso,,,,,,,,,,,0.263,0.22399999999999998,0.276,0.271,0.264,,0.268,0.21100000000000002,,,,,,,,,,,,
Pedro Alvarez,,,,,,,,,,,0.256,0.191,0.244,0.233,0.231,0.243,0.249,,,,,,,,,,,,,
Drew Stubbs,,,,,,,,,,,0.255,0.243,0.213,0.233,0.289,,,,,,,,,,,,,,,
Chris Heisey,,,,,,,,,,,0.254,0.254,0.265,0.237,0.222,,,,,,,,,,,,,,,
Sean Rodriguez,,,,,,,,,,,0.251,0.223,0.213,,0.21100000000000002,0.24600000000000002,0.27,,,,,,,,,,,,,
Alcides Escobar,,,,,,,,,,,0.235,0.254,0.293,0.23399999999999999,0.285,0.257,0.261,0.25,0.231,,,,,,,,,,,
Justin Smoak,,,,,,,,,,,0.218,0.23399999999999999,0.217,0.23800000000000002,0.20199999999999999,0.226,0.217,0.27,0.242,0.20800000000000002,,,,,,,,,,
Ruben Tejada,,,,,,,,,,,0.213,0.284,0.289,0.20199999999999999,0.237,0.261,,,,,,,,,,,,,,
Michael Saunders,,,,,,,,,,,0.21100000000000002,,0.247,0.23600000000000002,0.273,,0.253,0.20199999999999999,,,,,,,,,,,,
Lucas Duda,,,,,,,,,,,,0.292,0.239,0.223,0.253,0.244,,0.217,0.24100000000000002,,,,,,,,,,,
Jose Altuve,,,,,,,,,,,,0.276,0.29,0.28300000000000003,0.341,0.313,0.33799999999999997,0.34600000000000003,0.316,0.298,,,,,,,,,,
Dustin Ackley,,,,,,,,,,,,0.273,0.226,0.253,0.245,0.231,,,,,,,,,,,,,,
Ben Revere,,,,,,,,,,,,0.267,0.294,0.305,0.306,0.306,0.217,0.275,,,,,,,,,,,,
Eduardo Nunez,,,,,,,,,,,,0.265,,0.26,0.25,,0.28800000000000003,0.313,0.265,,,,,,,,,,,
Lonnie Chisenhall,,,,,,,,,,,,0.255,,0.225,0.28,0.24600000000000002,0.28600000000000003,0.28800000000000003,,,,,,,,,,,,
Mark Trumbo,,,,,,,,,,,,0.254,0.268,0.23399999999999999,0.235,0.262,0.256,0.23399999999999999,0.261,,,,,,,,,,,
Brayan Pena,,,,,,,,,,,,0.248,0.23600000000000002,0.297,0.253,0.273,,,,,,,,,,,,,,
Trevor Plouffe,,,,,,,,,,,,0.23800000000000002,0.235,0.254,0.258,0.244,0.26,0.198,,,,,,,,,,,,
Danny Espinosa,,,,,,,,,,,,0.23600000000000002,0.247,,0.21899999999999997,0.24,0.209,0.17300000000000001,,,,,,,,,,,,
Yoenis Cespedes,,,,,,,,,,,,,0.292,0.24,0.26,0.29100000000000004,0.28,0.292,,,,,,,,,,,,
Norichika Aoki,,,,,,,,,,,,,0.28800000000000003,0.28600000000000003,0.285,0.287,0.28300000000000003,0.27699999999999997,,,,,,,,,,,,
Alejandro De Aza,,,,,,,,,,,,,0.281,0.264,0.252,0.262,0.205,,,,,,,,,,,,,
Brett Lawrie,,,,,,,,,,,,,0.273,0.254,0.247,0.26,0.248,,,,,,,,,,,,,
Martin Maldonado,,,,,,,,,,,,,0.266,,,0.21,0.20199999999999999,0.221,0.225,0.213,,,,,,,,,,
Zack Cozart,,,,,,,,,,,,,0.24600000000000002,0.254,0.221,,0.252,0.297,0.21899999999999997,,,,,,,,,,,
Chris Carter,,,,,,,,,,,,,0.239,0.223,0.22699999999999998,0.19899999999999998,0.222,,,,,,,,,,,,,
Brian Dozier,,,,,,,,,,,,,0.23399999999999999,0.244,0.242,0.23600000000000002,0.268,0.271,0.215,0.23800000000000002,,,,,,,,,,
Derek Norris,,,,,,,,,,,,,0.201,0.24600000000000002,0.27,0.25,0.18600000000000005,,,,,,,,,,,,,
Scooter Gennett,,,,,,,,,,,,,,0.324,0.289,0.264,0.263,0.295,0.31,,,,,,,,,,,
Yasiel Puig,,,,,,,,,,,,,,0.319,0.29600000000000004,0.255,0.263,0.263,0.267,0.267,,,,,,,,,,
Jose Iglesias,,,,,,,,,,,,,,0.303,,0.3,0.255,0.255,0.26899999999999996,0.28800000000000003,,,,,,,,,,
Matt Adams,,,,,,,,,,,,,,0.284,0.28800000000000003,,0.249,0.27399999999999997,0.239,0.226,,,,,,,,,,
Avisail Garcia,,,,,,,,,,,,,,0.28300000000000003,,0.257,0.245,0.33,0.23600000000000002,0.282,,,,,,,,,,
A.J. Pollock,,,,,,,,,,,,,,0.26899999999999996,0.302,0.315,,0.266,0.257,0.266,,,,,,,,,,
Leonys Martin,,,,,,,,,,,,,,0.26,0.27399999999999997,0.21899999999999997,0.247,,0.255,0.19899999999999998,,,,,,,,,,
Evan Gattis,,,,,,,,,,,,,,0.243,0.263,0.24600000000000002,0.251,0.263,0.226,,,,,,,,,,,
Juan Lagares,,,,,,,,,,,,,,0.242,0.281,0.259,,0.25,,0.213,,,,,,,,,,
Jose Abreu,,,,,,,,,,,,,,,0.317,0.29,0.293,0.304,0.265,0.284,,,,,,,,,,
Steve Pearce,,,,,,,,,,,,,,,0.293,0.218,0.28800000000000003,0.252,0.284,,,,,,,,,,,
Jose Ramirez,,,,,,,,,,,,,,,0.262,0.21899999999999997,0.312,0.318,0.27,0.255,,,,,,,,,,
Yangervis Solarte,,,,,,,,,,,,,,,0.26,0.27,0.28600000000000003,0.255,0.226,,,,,,,,,,,
Eugenio Suarez,,,,,,,,,,,,,,,0.242,0.28,0.248,0.26,0.28300000000000003,0.271,,,,,,,,,,
Javier Baez,,,,,,,,,,,,,,,0.16899999999999998,,0.273,0.273,0.29,0.281,,,,,,,,,,
Enrique Hernandez,,,,,,,,,,,,,,,,0.307,0.19,0.215,0.256,0.237,,,,,,,,,,
Cesar Hernandez,,,,,,,,,,,,,,,,0.272,0.294,0.294,0.253,0.27899999999999997,,,,,,,,,,
Miguel Sano,,,,,,,,,,,,,,,,0.26899999999999996,0.23600000000000002,0.264,0.19899999999999998,0.247,,,,,,,,,,
Hernan Perez,,,,,,,,,,,,,,,,0.243,0.272,0.259,0.253,0.228,,,,,,,,,,
Addison Russell,,,,,,,,,,,,,,,,0.242,0.23800000000000002,0.239,0.25,0.237,,,,,,,,,,
